titre,categorie_id,views,likes,comments,categorie
Kendrick Lamar's Apple Music Super Bowl Halftime Show,17,31731280,1570842,95484,Sports
Mcfly VS Cyril Lignac : Qui sera le meilleur goûteur ? (Duel épique),24,1322778,112995,2553,Entertainment
Soirée Horreur avec Amine et Bily sur ZORT !,20,470979,23781,183,Gaming
The First Kiss in Brawl Stars!?,20,8211096,255208,16928,Gaming
Résumé : Super Bowl LIX -  EAGLES vs CHIEFS,24,90344,1713,125,Entertainment
Une nuit dans un bus à 200 000€ VS Un bus à 50€,23,212971,10588,267,Comedy
GIMS  - SHAOLIN (Clip officiel),10,201107,20811,1545,Music
Kansas City Chiefs vs. Philadelphia Eagles | Super Bowl LIX Game Highlights,17,6747058,99488,17721,Sports
J’ai TESTÉ des pizzas INSOLITES ! (genre goût sushi mdrrrr),24,998501,44812,1386,Entertainment
ROMAN FRAYSSINET - Ô DEDANS - SPECTACLE COMPLET,24,543746,25256,656,Entertainment
