titre,categorie_id,views,likes,comments,publishedAt,categorie
Kendrick Lamar's Apple Music Super Bowl Halftime Show,17,32215155,1595002,96631,2025-02-10T03:22:55Z,Sports
Mcfly VS Cyril Lignac : Qui sera le meilleur goûteur ? (Duel épique),24,1377769,115101,2585,2025-02-10T03:22:55Z,Entertainment
Soirée Horreur avec Amine et Bily sur ZORT !,20,480740,24047,199,2025-02-10T03:22:55Z,Gaming
The First Kiss in Brawl Stars!?,20,8257457,255987,17164,2025-02-10T03:22:55Z,Gaming
Une nuit dans un bus à 200 000€ VS Un bus à 50€,23,224543,10878,276,2025-02-10T03:22:55Z,Comedy
Résumé : Super Bowl LIX -  EAGLES vs CHIEFS,24,92485,1739,128,2025-02-10T03:22:55Z,Entertainment
Kansas City Chiefs vs. Philadelphia Eagles | Super Bowl LIX Game Highlights,17,6783728,100193,17822,2025-02-10T03:22:55Z,Sports
J’ai TESTÉ des pizzas INSOLITES ! (genre goût sushi mdrrrr),24,1006690,45014,1392,2025-02-10T03:22:55Z,Entertainment
Je quitte Maison Grise,23,89576,6711,536,2025-02-10T03:22:55Z,Comedy
ROMAN FRAYSSINET - Ô DEDANS - SPECTACLE COMPLET,24,554245,25616,670,2025-02-10T03:22:55Z,Entertainment
